timestamp,type,rules,messages,throughput_ticks_s,alerts,p50_ms,p95_ms,p99_ms,cpu_pct,schedule_misses,trace
2026-05-05T17:44:20+01:00,steady,100,299,89.19,177,0.55,1.478,1.879,0.1,0,trace_20260505_173159.jsonl
2026-05-05T17:49:18+01:00,steady,500,299,89.2,986,0.657,1.969,3.196,0.1,0,trace_20260505_173159.jsonl
2026-05-05T17:54:16+01:00,steady,1000,299,89.19,2035,0.803,1.721,6.023,0.1,0,trace_20260505_173159.jsonl
2026-05-05T17:59:14+01:00,steady,2500,299,89.19,5264,1.041,4.385,24.587,0.2,0,trace_20260505_173159.jsonl
2026-05-05T18:04:13+01:00,steady,5000,299,89.2,10640,1.165,3.48,22.264,0.2,0,trace_20260505_173159.jsonl
2026-05-05T18:18:16+01:00,steady,50000,299,89.19,105911,4.989,19.855,32.813,0.8,0,trace_20260505_173159.jsonl
2026-05-05T18:23:24+01:00,steady,100000,299,89.18,212716,8.529,28.566,41.729,1.4,0,trace_20260505_173159.jsonl
2026-05-05T18:28:42+01:00,steady,200000,299,89.16,425125,14.38,44.89,72.565,2.3,0,trace_20260505_173159.jsonl
2026-05-05T20:15:00+01:00,burst,5000,299,192.56,10674,2.043,25.028,32.282,0.2,0,trace_20260505_173159.jsonl
